"baseMean","log2FoldChange","lfcSE","stat","pvalue","padj","genename"
1308.11880474857,3.09192931440448,0.156572584580575,19.7475779216848,8.41584230968934e-87,7.85408483551758e-83,"GRB7"
3966.65064491701,2.55097869622734,0.130468746726065,19.5524120545393,3.9347031449582e-85,2.44804114002149e-81,"ORMDL3"
5060.03765963401,2.38117645593097,0.12299225189666,19.3603777409627,1.66658943521745e-83,7.77672295208344e-80,"PSMD3"
1586.10345893459,1.72372584698122,0.0911757589883019,18.9055278081357,1.02706708885871e-79,3.83404144270956e-76,"G6PD"
18345.8333517948,3.06956374741253,0.166195139219672,18.4696361266937,3.62519477920253e-76,1.12773767589692e-72,"ERBB2"
1959.97417097525,2.71940054749311,0.148087216565562,18.3635063887447,2.57435254195074e-75,6.86432717078722e-72,"C17orf37"
446.573799703809,1.79871818712267,0.0995643449274497,18.0658868235748,5.91635644885149e-73,1.38035991397266e-69,"MPHOSPH6"
1694.84381208525,2.39745133834924,0.135512636790435,17.6917178731959,4.85718036017391e-70,9.06592714226461e-67,"STARD3"
1917.76380643725,2.58454389600576,0.146571716145831,17.6333058243944,1.36733386654528e-69,2.32011696536978e-66,"PGAP3"
43.2190116740317,3.98566660526137,0.22709118204471,17.5509527467106,5.84905570239784e-69,9.09771872377131e-66,"ABCC2"
475.916862891439,2.9909759460249,0.175697681461549,17.0234229680456,5.50558637593093e-65,6.85078464711673e-62,"SERHL"
529.347252753518,2.0235861561787,0.121020254837841,16.7210535037309,9.20770437082187e-63,1.07413626300869e-59,"TMEM86A"
196.540082774392,2.6969066462142,0.180602286378242,14.9328488597645,2.01471359216425e-50,1.17514466242955e-47,"GSDMB"
2051.81919017112,1.60157158960574,0.109336763605735,14.6480610618855,1.38615151817742e-48,6.80855739125828e-46,"CDK12"
7.27586019626589,2.47236030643865,0.168867023398553,14.6408710041835,1.54081619068475e-48,7.3741882561874e-46,"GPR179"
109.680700956507,2.81355430940028,0.194904882320021,14.4355250412897,3.09281491986293e-47,1.40798513364004e-44,"GGTLC2"
1306.68990769878,1.17539232994732,0.0815648306208786,14.410528667811,4.44296449300548e-47,1.97447457766541e-44,"ETFA"
2377.5835050795,1.59783396264309,0.112094664173008,14.2543266838909,4.21346505918669e-46,1.7873710302209e-43,"MED24"
139.119748853885,2.38579223332915,0.170244449189033,14.0139208338009,1.28131171167541e-44,4.68934962714149e-42,"NUDT8"
188.790937086314,2.32396468830773,0.167533032801928,13.8716804049941,9.40473897114074e-44,3.31206514898759e-41,"MFSD2A"
994.819400186409,1.29373383392109,0.0938603673013645,13.783600801041,3.19909070371267e-43,1.08565505426904e-40,"SRD5A3"
26303.0030751256,1.66930805341833,0.121180519080028,13.7753829253356,3.58477255200219e-43,1.19481749434144e-40,"RPL19"
29.9239958541137,9.12851797719895,0.663259824127544,13.7631100891821,4.24849538241431e-43,1.36720976401316e-40,"KRT20"
2541.95892498155,1.79335095475149,0.130301211398551,13.7631180516518,4.24802738985224e-43,1.36720976401316e-40,"MED1"
266.96252896386,1.45620357264554,0.107794844243533,13.5090280325063,1.38335753280656e-41,4.09847116664038e-39,"NANOS1"
108.911719223142,2.17193217657303,0.162945278785423,13.3292120689988,1.56542250640412e-40,4.17408729743326e-38,"HAAO"
1058.60484770575,1.23026286819232,0.0930760119448979,13.2178296263988,6.92329384980855e-40,1.79476777370384e-37,"TP53INP2"
921.025151973912,3.36670132450207,0.25674649532037,13.1129397513336,2.77624655846934e-39,6.9091522685107e-37,"SERHL2"
613.825621960392,2.08780713469482,0.162315333886763,12.8626611220314,7.30188481854599e-38,1.62249619212096e-35,"ABCC3"
1159.72318857346,1.09929514127277,0.0857123718833358,12.8253963473212,1.18180677479736e-37,2.56493295948754e-35,"SLC35B1"
2358.49176589824,1.1446239496012,0.0893924834037043,12.8044764617622,1.54766074698419e-37,3.32035492442067e-35,"GGCT"
8.99217181992474,3.0208987572393,0.236084429766049,12.7958407093297,1.72970394034393e-37,3.66874136892266e-35,"SLC12A3"
1227.75837377189,2.21587788213423,0.173320929280556,12.7848257641601,1.99308971041282e-37,4.17988982526464e-35,"SUSD2"
210.652736962281,2.00292403477981,0.157773454456034,12.6949368110461,6.30808411979717e-37,1.30822655662238e-34,"C17orf96"
4708.69615757593,1.15426621339906,0.09145635201137,12.6209518312688,1.61853083128918e-36,3.31976680945193e-34,"LRRC59"
28.7152996748126,3.26432483186531,0.259346635698597,12.5867251875941,2.49824465554654e-36,5.06844961910611e-34,"SCGB1B2P"
1093.47756793024,1.09859729581015,0.0886494552190204,12.3926006436917,2.86595980112536e-35,5.45848364163315e-33,"SNF8"
118.667915864359,3.55711689734256,0.292793024795394,12.1489126997759,5.81335636276623e-34,1.0046879306577e-31,"C2CD4A"
612.51884823636,2.23608344336551,0.184393877879729,12.1266685698969,7.62903408644555e-34,1.29450837475915e-31,"GGT1"
262.012459338584,1.97036878042145,0.163292584757078,12.0664926907285,1.5875744888244e-33,2.60971052709168e-31,"ABCC4"
39.2469621607681,4.28859920440429,0.355423585241804,12.0661638182695,1.59392981563596e-33,2.60971052709168e-31,"B4GALNT2"
2.38937580243362,2.42509532783332,0.201168653449544,12.0550358430548,1.82453106935025e-33,2.93576486288124e-31,"KCNJ1"
358.728246862486,3.31348553600307,0.274908660307983,12.0530416622413,1.8692254976487e-33,2.98197383877034e-31,"C2orf54"
400.61880783778,2.61065943032413,0.216791694154654,12.0422483919599,2.13068090904823e-33,3.3702677260496e-31,"FGFR4"
5.23501070457695,2.47682590485247,0.206751919405839,11.9796996901907,4.53965157470567e-33,6.94529480671159e-31,"GGTLC1"
83.6297156270079,1.62005646911515,0.135583221736113,11.9487975604259,6.58713834640308e-33,9.9152368738398e-31,"RPL19P12"
3517.86985307444,3.37856250053878,0.28391067911804,11.9000895317999,1.182202532658e-32,1.74397346287607e-30,"PPP1R1B"
762.111463581557,2.00645657085676,0.168794514644144,11.8869773409806,1.38322389750677e-32,1.98599031130491e-30,"DIO2"
3550.96460984341,1.19492155979438,0.100674274355635,11.8691847290926,1.71127111488885e-32,2.41976328480306e-30,"DBI"
84.374425129324,3.01725164271438,0.255463011104421,11.8109139545101,3.42814382699809e-32,4.70487533315583e-30,"ENPP3"
1287.12534249731,1.07801123854247,0.0916462922144886,11.7627370676328,6.07329956265386e-32,8.03958413737123e-30,"SC4MOL"
163.626737543862,3.81017923937445,0.326600603376963,11.6661733015133,1.89768752234082e-31,2.39326605435753e-29,"PNMT"
259.215607640858,2.16323583411486,0.186113651810204,11.6231980463254,3.14152204957947e-31,3.83245157224842e-29,"KMO"
25.3608553470987,2.91648847923214,0.254217709962968,11.472404812619,1.8154295429103e-30,2.06615807429394e-28,"ACY3"
1391.59793374101,1.01684627790087,0.0893831515663295,11.3762634241677,5.49020011199975e-30,6.02791677002796e-28,"IDI1"
30.1620003408702,1.93163752858552,0.170845049654102,11.3063710800891,1.22032987334732e-29,1.30904925781768e-27,"OXER1"
14.1348175869717,1.57601587226652,0.13940870354991,11.3050034333207,1.23949314726108e-29,1.32200797677875e-27,"EYS"
313.966452884543,1.67283717307829,0.148211518876645,11.2868229524763,1.52447922450452e-29,1.60759348730942e-27,"SP6"
94.1008149067906,1.46176897562543,0.130128052937196,11.2333116697821,2.79791263105685e-29,2.91748822674169e-27,"EAF2"
244.83352978629,1.40709743624001,0.125659335196859,11.1977151083573,4.18385330168318e-29,4.29074845472069e-27,"FBXL20"
89.7112172446925,1.92890555601974,0.173176697675505,11.1383666619748,8.16021647841977e-29,8.18873336396263e-27,"GALNT12"
32.9062460316658,2.22955849646012,0.200893004023108,11.0982386235992,1.27940395361641e-28,1.27021674437501e-26,"SLC25A18"
911.522999582098,1.15050338319464,0.104348854798484,11.02554872707,2.87758147021404e-28,2.78290456691943e-26,"ERO1L"
581.535112175163,3.25769361434523,0.296631737719911,10.9822827435318,4.65022159617004e-28,4.42838704553642e-26,"GLYATL2"
395.9976989441,2.28662105320461,0.208441550394624,10.9700827348269,5.3223672032401e-28,5.04274029687698e-26,"KYNU"
9.72517686201661,1.74531999787859,0.159851173803961,10.9184058918393,9.41334400344902e-28,8.8291490364008e-26,"BCRP3"
32.2904468150183,2.31711384623654,0.212432429204224,10.9075335386245,1.06095880779554e-27,9.80336442945729e-26,"C2CD4B"
692.098058779694,1.12953137467262,0.104507155827403,10.8081725670353,3.14880164118228e-27,2.78542097785153e-25,"C7orf68"
314.739442621206,1.08343743982898,0.101450689942739,10.6794487099151,1.27023739416228e-26,1.03082525921908e-24,"PITPNC1"
90.9367003484634,1.8760909753989,0.176081430304369,10.6546781915386,1.65817154970436e-26,1.33404189548413e-24,"AADAT"
267.608853413846,1.13630837314304,0.106822629707048,10.6373375778078,1.99755736309733e-26,1.5933507770176e-24,"SMPDL3A"
857.140849482155,1.16473023642504,0.110241917795041,10.5652211039223,4.31949564047682e-26,3.33154488138429e-24,"ALDH4A1"
7.94354988230185,2.69566928541183,0.255479362101813,10.5514170038422,5.00367020831894e-26,3.84335409211e-24,"SLC5A11"
647.344535575074,1.64495023788471,0.156528361316891,10.5089596801854,7.85552904521513e-26,5.8884919529695e-24,"CDC6"
1002.89806714208,1.38830712769828,0.133017613020137,10.4370172955074,1.68006711784754e-25,1.21075107160712e-23,"PRR15L"
1087.17026170804,1.09839532414441,0.105402599116926,10.420951032962,1.98953705048868e-25,1.42825804028351e-23,"ATP5G1"
2612.77351223451,1.01330876576227,0.0983111007548783,10.3071652944746,6.54019809051229e-25,4.52121471701526e-23,"IDH1"
120.484825320856,1.03361398963469,0.100579744631267,10.2765620794128,8.98765027525871e-25,6.10016335955287e-23,"FMO4"
20.6667966717308,2.63869644056339,0.256924161680442,10.2703320049959,9.58741427968343e-25,6.48366259167722e-23,"TCAP"
1833.38183671368,1.99536745980972,0.195267087293323,10.2186573655003,1.63590964563963e-24,1.08662823971045e-22,"ITGB6"
584.851267487445,3.08795516024315,0.303847564622964,10.1628432140798,2.90479642965676e-24,1.87605624081465e-22,"CXCL17"
1179.04633974507,3.06272901284618,0.301627503260785,10.1540110889628,3.1801779745256e-24,2.039794566822e-22,"ALOX15B"
66.9369440227551,3.62702413391453,0.358323036187299,10.1222186898937,4.4031924652383e-24,2.80496885200249e-22,"ACE2"
14.610587051967,1.45400047468013,0.144509969117036,10.0615928683962,8.16661694648966e-24,5.11509749349763e-22,"LBX2"
1.50538562436148,4.85233235977468,0.482558594041054,10.0554262626226,8.69443457525935e-24,5.40938737824052e-22,"NEUROD2"
328.504645182759,2.54607958190035,0.253545635620879,10.0418986730556,9.97356481717498e-24,6.16412540770103e-22,"SOX11"
997.683208332289,1.3546580638868,0.135039025540081,10.0316042600939,1.10703104439023e-23,6.7969521195867e-22,"EPN3"
2333.27338345556,1.25554465808372,0.125180667186483,10.0298607309172,1.12675418362764e-23,6.87283229980718e-22,"ACSL1"
28.8097025337454,1.84610813857722,0.184216486339236,10.021405658436,1.22744637602563e-23,7.43840474302544e-22,"GGT3P"
555.97513298152,3.76427189711531,0.376063400358767,10.0096736175979,1.38207739884889e-23,8.32144343532724e-22,"LBP"
2.18860885796182,4.3501567796223,0.436251840227108,9.971664021767,2.02802183800222e-23,1.19034678007268e-21,"PROKR1"
2435.51151270613,1.02663269020722,0.103460882732499,9.92290673627443,3.30974336753423e-23,1.91258080356119e-21,"ZNF652"
500.543940500004,1.49228711825807,0.150557187272058,9.9117627347906,3.70058667543594e-23,2.13183488571024e-21,"SRCIN1"
53.8038617393693,3.42550893316647,0.34991871335451,9.78944195446907,1.24983770300756e-22,7.0054716896805e-21,"C6orf223"
4397.84578827366,1.00055693400452,0.102533784687153,9.75831465752852,1.69956006301497e-22,9.46933987348489e-21,"IDH2"
62.03662570379,2.05302889355,0.210788083847116,9.73977682267398,2.04001890849045e-22,1.11991038020513e-20,"MYCN"
3083.87238077305,1.06668412014163,0.110295785307961,9.67112312735523,3.99964275202006e-22,2.09700370692288e-20,"MSL1"
6.57560120737176,1.60013091467094,0.170422151518988,9.38921906811313,6.04467537780889e-21,2.82059664817007e-19,"LIPC"
289.840651390975,1.99128732159001,0.213211513938353,9.33949243550591,9.67970224982587e-21,4.42822653169118e-19,"TMEM45B"
1.40510682124685,4.35009400558958,0.47282755119533,9.20017032550734,3.5738282246422e-20,1.55490684878664e-18,"ANKS4B"
970.296896632349,4.35730088534972,0.474402797893628,9.18481278925072,4.1224376479155e-20,1.78114117357275e-18,"FABP7"
10315.7038794019,2.35617775591523,0.256838676282084,9.17376537686037,4.5677856722254e-20,1.9644635846103e-18,"APOD"
1193.25290755337,1.22538290006517,0.133827727510263,9.15642014448162,5.36474667504117e-20,2.28093386536773e-18,"RRM2"
27.2089843067532,2.81570648704856,0.307670756471248,9.15168708050966,5.60512445914394e-20,2.37232761972611e-18,"UGT3A2"
997.344204321355,1.45687986014093,0.159480049159647,9.13518567255099,6.52946339889698e-20,2.73870638967218e-18,"EGLN3"
10.5119843761317,4.34904295795644,0.476383978948592,9.12928047571004,6.89560587966148e-20,2.86651411456306e-18,"MYPN"
3.21650593205612,2.38723325691971,0.261865168498102,9.1162687676693,7.77552645769432e-20,3.22511558517477e-18,"REN"
2408.07706377681,1.02008573058054,0.111998505339873,9.10802985705009,8.38914783563985e-20,3.46423549451809e-18,"NME1"
1.74175569856692,2.26941660985543,0.249613039777505,9.09173900481437,9.74674329919481e-20,3.98953867718139e-18,"SERPIND1"
5.26916355579358,2.63977680190618,0.291156978829933,9.06650705236261,1.22893454010381e-19,4.99739938802563e-18,"ZP1"
129.448640984946,1.54494900527991,0.170854540088295,9.04248142590479,1.53154925600931e-19,6.21442757900299e-18,"FA2H"
31.0596775865658,3.09788929249042,0.343256468551426,9.02499902059762,1.79696978542191e-19,7.21299807417202e-18,"SPINK8"
152.208946968513,1.69803128862395,0.188633524358351,9.00174714118242,2.22153733531885e-19,8.74788910627139e-18,"SLC15A2"
2739.46808106986,1.82763646963527,0.2035550222281,8.97858696695407,2.74266294222353e-19,1.06872241788313e-17,"ALDH3B2"
333.60573648867,1.22314272678221,0.136237895541761,8.97799193035298,2.75753305754744e-19,1.0722782191484e-17,"CBR3"
3.75043008619841,2.19547057169646,0.246457132731595,8.90812348323245,5.19035696298266e-19,1.94534162076449e-17,"DNAH8"
220.585372205266,1.01496982547001,0.114628584929426,8.85442166188221,8.4118819490537e-19,3.0515289883005e-17,"CASP10"
11.7484936805468,1.72019068185948,0.195304574076295,8.8077337153788,1.27701353834961e-18,4.51429122979082e-17,"MYLK3"
4.61087620486584,2.08676998196025,0.237139854595292,8.79974387064366,1.37128766409035e-18,4.82926117929179e-17,"RPH3A"
424.526995040991,5.52663435453792,0.628265592018102,8.79665291996236,1.40957433982944e-18,4.95474671429691e-17,"DLK1"
19.2229362754652,2.99997887840062,0.341174657104011,8.79308827878749,1.45504056337194e-18,5.10494964574008e-17,"EPO"
23.7632740787871,1.24044532037856,0.141316143336155,8.77780337825845,1.66698370980035e-18,5.78331801922371e-17,"PIPOX"
285.643999445705,2.16715253058458,0.246926441306817,8.77651060419161,1.68624877843731e-18,5.83930119657373e-17,"TRPV6"
22.1416794322355,2.08245168603444,0.237510396777919,8.76783380553069,1.82136409499133e-18,6.26072943517738e-17,"STXBP6"
440.878634259481,1.23452547296497,0.141011018359556,8.75481566849708,2.0443733335955e-18,6.9886864966227e-17,"SRD5A1"
1.03816732149959,1.08675131636083,0.124539958441234,8.72612557417574,2.63546037512186e-18,8.92756223260426e-17,"QRFP"
8.72429391276688,1.66721641667696,0.191167493029965,8.7212338784797,2.75186359850134e-18,9.2713960407992e-17,"SLC3A1"
134.737901078426,2.33374563084381,0.267613233932534,8.72059126729197,2.76752764631651e-18,9.30737000333292e-17,"FUT3"
18.7317853851495,3.39385471688984,0.389548495253375,8.71227782482479,2.97828645715591e-18,9.99815048971492e-17,"LOC150622"
10.8601968116831,2.72004356472632,0.312746353262147,8.69728307414142,3.39924719581539e-18,1.13500803058845e-16,"FCN2"
41.8456754607296,1.40531674808225,0.161663304480748,8.69286170164612,3.53422486335644e-18,1.17796976918835e-16,"ACPP"
275.919363554796,1.64593912762126,0.190420423591911,8.64371109240188,5.44160456552598e-18,1.76332550721428e-16,"ASRGL1"
383.806659850636,1.59992154321421,0.186275727330233,8.58899635580454,8.77323013557161e-18,2.79918530735802e-16,"HIST1H4H"
38.3049461229407,2.86140447267453,0.333513051212919,8.57958770209497,9.52138012110368e-18,3.01725908251953e-16,"SLC12A1"
0.751435609114541,2.43816867161147,0.2860500260743,8.5235743728902,1.54703365782504e-17,4.757064781434e-16,"SLED1"
1456.47433429204,3.60543288369157,0.426844883670671,8.44670516532023,2.99639187608064e-17,8.80750462473151e-16,"CRISP3"
72.7633782674667,2.02711409138479,0.241383159134849,8.39791018830914,4.54494590324917e-17,1.30710963457852e-15,"CEL"
23.9030018822057,1.34408575971701,0.160101977507093,8.39518524783654,4.65160273742039e-17,1.33572561683003e-15,"PRDM16"
1952.8024927522,1.17465343294065,0.139984690254359,8.39129929713199,4.80798582181479e-17,1.37639655466523e-15,"ST6GAL1"
711.015123909359,2.99201655576049,0.358655155997916,8.34232132376725,7.28461873299085e-17,2.04770193751919e-15,"CLCA2"
577.124032499572,1.06167015007278,0.127497555537077,8.32698435354737,8.29276995929731e-17,2.31713400135156e-15,"C9orf140"
108.217569065912,1.13519032281503,0.136357951323673,8.32507610883966,8.42745778620372e-17,2.351248125254e-15,"EME1"
3.40186380019681,2.5588645108737,0.307528752808296,8.32073257380528,8.74212924235304e-17,2.42454446223655e-15,"HPD"
654.560467601278,1.04925595469344,0.126329224447602,8.30572624253423,9.9210737216309e-17,2.71919002957769e-15,"SLC16A2"
32.2249378423472,1.09973283093555,0.132808333172667,8.2806011088609,1.2255506163788e-16,3.30562171310844e-15,"NKD1"
47.6323548899933,3.15500615852762,0.381891971168667,8.26151476521662,1.43835354007912e-16,3.84075376617694e-15,"AKR1B15"
4.49481361887233,1.93780297964761,0.23494136675537,8.24802803528986,1.61029597313492e-16,4.24522236420386e-15,"C1orf161"
1195.41228660295,1.38174000384052,0.168131311505789,8.2182193873682,2.06546866800206e-16,5.31751347424255e-15,"PAPSS2"
36.4125052414661,3.09703106973849,0.377092326637959,8.21292519354791,2.15864040975908e-16,5.54209398186426e-15,"ABCC12"
399.404851868375,1.36240851756937,0.166789256546662,8.16844289481089,3.12395205312156e-16,7.77447534286853e-15,"QPRT"
282.138463750565,1.49112037492454,0.182863152373427,8.15429656314523,3.5121807321905e-16,8.71740071360846e-15,"MPV17L"
181.49599895267,1.08254091686764,0.133091447895223,8.13381275797579,4.15994921171294e-16,1.02569949850227e-14,"DNMT3B"
127.192788996624,2.21959583858651,0.27294177694526,8.13212203506558,4.21839822187443e-16,1.03873882336789e-14,"ATP13A4"
153.73313464389,1.83025480266673,0.225688436458564,8.10965254306578,5.0764713491487e-16,1.22895379678159e-14,"NXPH4"
0.931565458461121,1.94536375624474,0.240605019094033,8.08529998073088,6.20113722216928e-16,1.48390033656141e-14,"HIST1H3A"
16.2567315232041,2.40546139839579,0.29838177227334,8.06169016313839,7.52467241258312e-16,1.78007617973212e-14,"GAL3ST2"
121.300717561858,1.73679063094613,0.216853525088322,8.00904956577835,1.15598315628125e-15,2.66704890135841e-14,"CCBP2"
3.90746694039019,1.26981622207341,0.158608844182261,8.00596100816571,1.1853728441399e-15,2.73147952294708e-14,"RNF148"
549.687764897436,2.15084592002062,0.269039393981075,7.99453897138913,1.30059615673322e-15,2.97495432174332e-14,"ABCA12"
9.48851855568137,3.39778851759353,0.425541272005473,7.98462744067239,1.40947340850107e-15,3.21218817700518e-14,"AKR1D1"
179.913026530907,1.01236306516697,0.127262448792906,7.95492366184453,1.79241991805556e-15,4.01626863991681e-14,"KDM7A-DT"
229.143107663228,1.0553799420375,0.132973862873981,7.93674726166061,2.07552374513376e-15,4.61186317891924e-14,"NIPAL2"
47.4693083780728,1.2423173536283,0.156758363625285,7.92504670818034,2.28060592155952e-15,5.03757509182348e-14,"COL13A1"
8242.88996120264,1.01736471552916,0.128443463298636,7.92072005380105,2.36139059578573e-15,5.20985289247525e-14,"SDC1"
217.640510068372,1.94683361740699,0.245860805718937,7.91843828752666,2.40512264111256e-15,5.28758705493121e-14,"FAIM2"
87.2394665485231,1.10533687687197,0.139783455662074,7.9074942856193,2.62621185839617e-15,5.71974846405654e-14,"SOCS7"
412.838551813593,1.31321035703245,0.167102139939785,7.85872854474311,3.88052171095105e-15,8.21201108105458e-14,"ME1"
1.90633921338911,2.56662186168034,0.327186912328467,7.84451261639607,4.3463820336177e-15,9.14154519217925e-14,"C12orf74"
52.5459611793084,1.38451391350685,0.176496373070795,7.84443266123948,4.34915195856157e-15,9.14154519217925e-14,"GUCY1A2"
2159.35297597966,1.02247008894337,0.130369041993005,7.8428902545608,4.40292770111028e-15,9.24416710249983e-14,"TMEM132A"
105.971442787703,1.26800372324221,0.161727716873431,7.84036124268391,4.49252118886792e-15,9.41110078453644e-14,"SLC13A3"
5.55219905451964,1.48192759072977,0.189149979364935,7.83466958709324,4.70077213733961e-15,9.81430782365143e-14,"C14orf184"
24.8949547937437,2.23753643736706,0.285648503592528,7.83318102222184,4.75678661902271e-15,9.92015890995071e-14,"CEACAM7"
9.07696909761914,3.28597023846707,0.419827686508685,7.82694982742424,4.99848447770556e-15,1.04009713240105e-13,"CTSE"
973.825687719526,1.00347996920332,0.12835952239075,7.81772906686692,5.37847965784048e-15,1.11419892134953e-13,"ACSF2"
6.71079634755305,1.92202105241865,0.246815102917018,7.78729109241284,6.8461103346083e-15,1.38894184125504e-13,"KPNA7"
51.939325694172,1.51591140852033,0.195507981251648,7.75370600635034,8.92488181250394e-15,1.78737037586251e-13,"CATSPERB"
8.74609566518008,2.34476902294725,0.30301230714686,7.73819731952609,1.00836270010131e-14,2.00224359546713e-13,"PLEKHG7"
107.363462347725,1.84564266419318,0.239064297033732,7.72027729398989,1.16076899499112e-14,2.27581442137702e-13,"CES3"
21.1986276707171,2.43175612247126,0.315026036812396,7.71922266196498,1.1704128865713e-14,2.29231443104443e-13,"ACADL"
7279.08038593273,3.03755009901654,0.394421338561122,7.70128236493933,1.34707450429469e-14,2.62454547209399e-13,"MUCL1"
66.1999961251641,2.1429544586299,0.280204384052492,7.64782630320465,2.04405059231373e-14,3.9050362646403e-13,"HHIPL2"
336.547628535911,1.11260669493229,0.146028691047394,7.61909654159123,2.55457355819176e-14,4.82114413181487e-13,"AK3L1"
187.176411837301,1.07078048525418,0.140685838779906,7.61114618600202,2.71675731613818e-14,5.11172130097975e-13,"HOXB7"
22.2350567283977,1.29418610850808,0.170464252287072,7.59212615633096,3.14698394160628e-14,5.85044375200012e-13,"LONRF3"
0.491138508444474,2.38703847541432,0.314570460805364,7.58824738121633,3.24261400640744e-14,6.01026717275023e-13,"C10orf27"
85.6179968131533,1.71315651106867,0.226136664836348,7.57575739568131,3.57038466084641e-14,6.56563839356633e-13,"SRPK3"
205.652310435854,1.47544922674019,0.195085394017466,7.5630942755668,3.93592116843951e-14,7.18122860302283e-13,"GRAMD2"
159.169521066743,3.01814046145543,0.400463173758392,7.53662423720474,4.82293477156723e-14,8.70600362778553e-13,"TSPAN8"
36.5367734367131,1.2047345227934,0.160442369462247,7.50883028486365,5.96580066788199e-14,1.06150304543391e-12,"C1QTNF2"
6.19794835635502,1.33638888982989,0.178126397038091,7.50247527627314,6.26238288956244e-14,1.10793721927661e-12,"ARSH"
6.50796598802534,3.52199137190341,0.471008475900291,7.47755412505356,7.57185864162056e-14,1.32952720174833e-12,"DMRTC2"
77.0815286976174,1.67177246067493,0.223676717768489,7.4740566535193,7.77596375108267e-14,1.36280153440336e-12,"RASGRF1"
18.4492555508158,1.68362947429967,0.22618051653647,7.44374228196707,9.78723494356946e-14,1.67595174515343e-12,"STX19"
23.8629797876204,1.38128639870951,0.185824761092911,7.43327418039235,1.05941983658152e-13,1.80750194239433e-12,"TMEM92"
2222.22801368532,1.11563695971969,0.150347086588452,7.42040956718735,1.16758707748076e-13,1.9847916940964e-12,"FKBP5"
4.91853588847992,1.93436849872249,0.26105662732178,7.40976591388417,1.26522542696089e-13,2.13904446827767e-12,"ABCC6P1"
3753.95537971911,2.36964504723261,0.320157405462817,7.40150003341973,1.3465464460595e-13,2.26426030772077e-12,"S100A9"
2.82564210244214,2.7006008376254,0.366722091440686,7.36416185623276,1.78263301554815e-13,2.93411333643794e-12,"LOC400940"
8.25661525276234,1.58721535389592,0.215638246635933,7.36054655728883,1.83158738584394e-13,3.00938191520925e-12,"ARHGAP27P2"
574.857120416027,1.0445371223763,0.141955092653178,7.35822225785369,1.86375551127463e-13,3.05685383285949e-12,"DTX4"
107.715124133143,1.53373487009999,0.208915198842017,7.34142311617935,2.11334543073914e-13,3.44502990958481e-12,"CLIC3"
110.333615017832,1.41105607231618,0.192347858736315,7.33595934774905,2.2013883877189e-13,3.58229418106131e-12,"HIST1H2AE"
302.334518676369,1.01137055779867,0.137922832579166,7.33287258451684,2.25271093006435e-13,3.66027148177427e-12,"C22orf36"
59.0142594840226,2.71894587457354,0.372150837687051,7.30603185383653,2.75146972602067e-13,4.41963704270016e-12,"PADI3"
43.6477386374051,1.31460239172254,0.180044516490048,7.30154084862234,2.84490676865926e-13,4.5657940530546e-12,"VNN2"
84.9303676045641,2.15761971554224,0.296459819617579,7.27794990338144,3.38931138208701e-13,5.37024592076859e-12,"ONECUT2"
73.1155464742194,1.26929373471777,0.174681959272925,7.26631267476573,3.69432919648621e-13,5.82387284226479e-12,"HIST1H2BJ"
81.0969310679966,1.51519303481463,0.209352747163562,7.2375120715796,4.56990083676044e-13,7.15578383325288e-12,"HRASLS2"
82.3420903331771,1.49624027129842,0.20701400600363,7.22772482974984,4.91152612849289e-13,7.65861613937508e-12,"PIP5K1B"
1204.13976149021,2.04697773796783,0.283408889955585,7.22270122962135,5.09649062004223e-13,7.92716645192402e-12,"ABCC11"
383.869803408467,1.79489457805312,0.248777276408461,7.21486545702883,5.39873279789767e-13,8.35550146540299e-12,"PRODH"
212.144973243118,1.69682687288789,0.235282935846955,7.21185693632972,5.51939473429466e-13,8.5351700675733e-12,"CLDN8"
1.12486842441148,2.29299434765259,0.318050010734033,7.20954023035731,5.61411098310787e-13,8.67445211090302e-12,"MYCNOS"
9.0767010888505,2.11634531908752,0.296238602973316,7.14405650663345,9.06161217175288e-13,1.36179542017526e-11,"HIST1H3G"
6.33738181636411,1.66442882929717,0.233007939224219,7.14322797256931,9.11642403954676e-13,1.36783002168923e-11,"SLC30A3"
70.6356636042706,2.23639121601685,0.313208496094097,7.14026357492221,9.31521238627621e-13,1.39206116244872e-11,"HSD17B2"
3.14148912329247,1.49885811842075,0.210176922808699,7.13141147177701,9.934484224672e-13,1.47986550721072e-11,"LINC02716"
9083.09268044388,1.37463317610165,0.193571336918067,7.10142936442854,1.23473115150026e-12,1.8247234317302e-11,"KRT7"
15.6360909690223,1.31735701521523,0.185782520210761,7.09085555369122,1.3328540770479e-12,1.96351391855557e-11,"GSDMA"
11.1862617444892,5.56521531559387,0.785455060378063,7.08533892813061,1.38704412725615e-12,2.0385180027745e-11,"ZP2"
187.729240606998,1.25784666239409,0.178020704398212,7.06573241941812,1.59771025292489e-12,2.32978608365962e-11,"PAX9"
102.974906849108,1.16807691402379,0.165625894359876,7.05250177539127,1.75729170377527e-12,2.54855086643088e-11,"TTLL7"
323.610161202956,1.04194402752176,0.147797193086058,7.0498228401067,1.79145728772698e-12,2.59005036990117e-11,"ENTPD2"
78.6140501983441,2.41325840238155,0.342460511712763,7.04682239219936,1.83049717025451e-12,2.64035778074193e-11,"ATP13A5"
214.734091147866,1.13194392380639,0.161087845642768,7.02687356261881,2.11212595881096e-12,3.00316594938016e-11,"FAR2"
108.404148764546,2.10103844114999,0.299901977209786,7.00575054788745,2.45665278579558e-12,3.45022003362487e-11,"GJB1"
15.1323309665819,2.63219509702833,0.37752317912367,6.97227413463285,3.11858103057189e-12,4.34390409967346e-11,"LCT"
25.4952783146952,1.3455446558885,0.193019377228634,6.97103407547875,3.14619747523792e-12,4.37910334640684e-11,"TAS1R3"
71.6540778220664,2.57781250922512,0.370088698632887,6.96539105016606,3.27492784049384e-12,4.53460891267192e-11,"TDRD1"
246.367143881009,1.10532735539975,0.159227232462716,6.94182357065438,3.87070447621136e-12,5.32008093140538e-11,"CYP2J2"
1.99894658967935,4.03736960228096,0.583847716154173,6.91510729694255,4.67509385773916e-12,6.33241123764162e-11,"C8B"
35.9909592048926,1.37515781164421,0.198928068583489,6.9128395074477,4.75047304874791e-12,6.41124941828487e-11,"ACHE"
15.5090901094611,1.33911673183921,0.194835701619723,6.87305622484363,6.28407831318289e-12,8.32450828357407e-11,"C14orf64"
143.58823515259,2.04497573256746,0.297689970636758,6.86948145479426,6.44356931217905e-12,8.52368683287185e-11,"FAM83A"
4.30109994851721,2.54025625473915,0.369991246098391,6.86571988263644,6.61567771101969e-12,8.73278815248816e-11,"ISL2"
2499.24570254125,1.11226092389372,0.162075540326947,6.86260814957035,6.76145125896673e-12,8.90237805329921e-11,"CRAT"
4.60879274696415,2.26420685008796,0.330045012806852,6.86029711775409,6.87174729572477e-12,9.03884166840753e-11,"COL29A1"
1.66260532744333,3.37359906948507,0.493278673828748,6.83913424292145,7.96731997369882e-12,1.03775315637885e-10,"CDH10"
31.6432793980733,1.5865604518682,0.233793474096559,6.78616226564535,1.15155628952589e-11,1.46415518692103e-10,"JPH3"
1389.04504233868,1.02384857011542,0.151168136690755,6.77291254975184,1.26215250974747e-11,1.59283817406603e-10,"KIAA1244"
4855.16137076816,2.07818161233456,0.307281039250305,6.7631299913748,1.35041969474439e-11,1.69848946107844e-10,"CEACAM6"
47.8031402908743,1.30718038342646,0.193757285651916,6.7464837723563,1.51470999120284e-11,1.89872813873747e-10,"KCNJ12"
49.423619641592,1.22178816928079,0.181459968006311,6.73310032347354,1.66085459334918e-11,2.07079832898212e-10,"KRTAP5-AS1"
135.444981990842,1.65763772449011,0.246205590003608,6.73273797100148,1.66499753852508e-11,2.07391625658465e-10,"B3GNT3"
7.11175223721874,2.20539929565129,0.327565976696798,6.7326873135321,1.66557753475509e-11,2.07391625658465e-10,"BMP3"
19.5294991581501,2.79338037518917,0.41758424563424,6.68938161435305,2.24115602767406e-11,2.75386288719792e-10,"PGC"
1.85768498248903,1.34945093620447,0.201846255421037,6.68553862141071,2.30076831022093e-11,2.81783730382373e-10,"MOBP"
380.813831355575,1.71920225643021,0.25724508853314,6.68312956423553,2.33892608599038e-11,2.86081621199282e-10,"SDR16C5"
17.973743579722,4.85455580286029,0.727104043180833,6.67656279508949,2.44611282155209e-11,2.98409776563855e-10,"TBX10"
2.37280543676272,1.70443698804077,0.255461627937887,6.67198828175945,2.52360724470357e-11,3.07261116910582e-10,"HIST1H3B"
66.7948689717006,2.03037155579178,0.304930437579494,6.65847454228792,2.76684201176213e-11,3.34043377422641e-10,"IYD"
9.10780059620351,2.92453646805244,0.440241885676344,6.64302185504105,3.07316249477328e-11,3.68404482754935e-10,"WFDC6"
541.986142455178,1.01191692541676,0.152372892618769,6.64105608304319,3.11443497014066e-11,3.72873179715686e-10,"EFNA3"
13.2374662100439,1.7182860688124,0.259151951266038,6.63041918232927,3.34734907164618e-11,3.98204400396915e-10,"TNIP3"
23.6392879772534,1.16004527092055,0.175361802564298,6.61515366492206,3.71165986127477e-11,4.38469185510719e-10,"MYOM2"
193.853424225219,1.6716263110374,0.252873747683251,6.61051740780649,3.82979077035498e-11,4.51566928165987e-10,"POF1B"
4.32732547137446,1.13413672690708,0.172362141193245,6.57996424885165,4.70561401368707e-11,5.50315072465345e-10,"LINC03062"
2.77173184228826,1.97591252686535,0.300413841200273,6.57730189451589,4.79061487850334e-11,5.59904988774357e-10,"SCGBL"
135.820253354,1.7888803414687,0.27226987530168,6.57024703701276,5.02318533932202e-11,5.83796727013981e-10,"KRT86"
137.320064053283,1.20649762845171,0.183830156482386,6.56311049034719,5.26967697491279e-11,6.09031088153234e-10,"PRR11"
2221.82607828552,1.13572513989789,0.173554944705,6.54389387653771,5.99373373776232e-11,6.84143958337296e-10,"ASS1"
80.1898300888587,1.47901315564388,0.226046250438473,6.54296699359075,6.03101449290968e-11,6.87233733273255e-10,"KREMEN2"
50.6699280379412,1.76086106395538,0.269177245844564,6.5416415805524,6.08471912065934e-11,6.92507819433576e-10,"PCP4L1"
105.104525233306,1.0540082186668,0.161244336941389,6.53671464474393,6.28848648437867e-11,7.14391967321533e-10,"BTBD11"
1.33209878230955,3.39112737573383,0.519466715392393,6.52809366846969,6.66120370719541e-11,7.52155881396263e-10,"FAM9C"
42.3944417011228,3.92177434461282,0.603782194563663,6.49534613627845,8.28427168685432e-11,9.25349677050484e-10,"UGT1A6"
64.3123324738411,1.08764367415043,0.167495270085255,6.49357843715122,8.3821092522604e-11,9.35158811676273e-10,"CHAC1"
31.4176216725056,1.29587512250749,0.199603377552813,6.49225047389096,8.45635088020401e-11,9.41191348712033e-10,"ULBP2"
60.0910898558585,1.51069310912189,0.232724685055463,6.49133162974035,8.50809608829424e-11,9.46386254398164e-10,"GNMT"
23.0561897465827,1.42487086824092,0.219766984049307,6.48355290675159,8.95874422405742e-11,9.93552946773807e-10,"PKNOX2"
2.78958451974808,2.73809080030476,0.422990052839809,6.47318011835541,9.59614452464192e-11,1.06171925045905e-09,"AWAT2"
136.7797735572,1.95276668912463,0.302117647239928,6.46359690327466,1.02243008858104e-10,1.12455259890189e-09,"DKK1"
1.00925909337807,3.96258880983683,0.614344644792067,6.45010718890212,1.1177107060642e-10,1.21786750313417e-09,"RTL1"
39.2725415050589,1.11915713160684,0.174016869380721,6.43131401909261,1.26505503069273e-10,1.36329400391916e-09,"SULT1A2"
15793.9600716541,1.06215748777414,0.165906923957908,6.40212875047711,1.53225366932731e-10,1.63239239372113e-09,"SCD"
20.4154882293249,1.95800401215539,0.307561722732641,6.36621486821833,1.93749965187069e-10,2.031653427088e-09,"CACNA1B"
147.629352699464,4.08573916805975,0.642142767332476,6.36266477785354,1.98283133752648e-10,2.07802060162447e-09,"FGG"
4029.63002731393,1.28156540316978,0.20215235613124,6.33960161383312,2.30360042137567e-10,2.3820887459821e-09,"FADS2"
30061.8774156845,1.1063639927613,0.174637354562232,6.33520815483404,2.37021061239856e-10,2.44284820985197e-09,"CD24"
16.9885309978883,3.2950563621708,0.520603428177602,6.3293020825954,2.46272553633306e-10,2.52981684841257e-09,"MAGEC1"
348.742917779938,1.72970210379384,0.273790884860495,6.31760295699829,2.65651457115389e-10,2.71246413952884e-09,"AKR1C2"
765.643007759271,1.80250581346592,0.285743796111917,6.30811880430094,2.82447379004701e-10,2.86983142576088e-09,"MMP1"
37.2444376107722,1.97009746636957,0.312399113223037,6.30634781912143,2.85696613791783e-10,2.8981126610998e-09,"DNAH11"
403.553061508054,1.80053532060018,0.285823473123662,6.29946624370202,2.98672334650126e-10,3.01825615930948e-09,"HPGD"
1.62589706324721,2.35408565882524,0.373772964713223,6.29816996162741,3.01180176772795e-10,3.04030719278757e-09,"VSX2"
100.381942488256,1.00568159372374,0.159797841204322,6.29346170226319,3.10463132067832e-10,3.12387836121083e-09,"SDCBP2"
37.6775263682939,1.59748245971424,0.254607261512697,6.2743004666211,3.51209703586447e-10,3.50177837470141e-09,"ST6GALNAC1"
1423.25179672978,2.13518864452669,0.341040256731311,6.26081115757809,3.82980077909285e-10,3.80634885738914e-09,"CEACAM5"
245.462014560407,1.33577049371773,0.213380259618729,6.26004718573547,3.84861004195143e-10,3.82300726093791e-09,"CSTA"
18.1266896522514,2.58737559766406,0.414815903924024,6.23740693929122,4.44883600726107e-10,4.37128475784112e-09,"FABP6"
0.511840122039059,1.97249901688295,0.317873451687466,6.20529649900526,5.45938746740916e-10,5.27976513363689e-09,"ODF4"
2.89033134997569,1.2755556284084,0.206084412515573,6.18948135299658,6.03624927079231e-10,5.80456427817303e-09,"PDE6A"
126.705166646097,1.04401862189604,0.168889309005911,6.18167383146492,6.34254672681017e-10,6.05852787389518e-09,"MIR9-3HG"
45.348355334707,1.34116377446818,0.217237583310504,6.17371890273337,6.67020888305428e-10,6.3423050841675e-09,"IKZF3"
24.7301000094214,1.62441652318715,0.263342784714048,6.16844894744706,6.89631082329748e-10,6.53067689075837e-09,"DMRTA1"
34.7603199596389,1.24113771763172,0.201688368832007,6.15373967680557,7.56768668457319e-10,7.11232990773205e-09,"PHEX"
21.6200368822622,1.65911479621122,0.270301119265474,6.1380241440352,8.35541661027518e-10,7.81331918991915e-09,"LOC400696"
65.0051328029723,1.72123776140122,0.280543811397031,6.13536172061656,8.49656434410143e-10,7.92941867413266e-09,"FIBCD1"
4.40835161870352,1.81970441755614,0.297047100851571,6.12597938959656,9.01274730372254e-10,8.34853242798915e-09,"LDLRAD1"
1.47108166803928,4.21737411587812,0.694315619903149,6.07414552544044,1.24649651403727e-09,1.12776817423682e-08,"SLCO1B7"
117.462928319187,3.5502581767128,0.585575103267927,6.06285710731181,1.33724464165515e-09,1.20113913553866e-08,"UGT2B28"
36.2503012019208,1.02099324167614,0.16857277658601,6.05669113574341,1.38950016455155e-09,1.24388587872205e-08,"OSTalpha"
15.2578477798527,2.91077183487828,0.481890452105652,6.04031854575966,1.5381026841745e-09,1.36383309264214e-08,"HSD3B2"
1.70483808125079,1.44449786447812,0.239881774366209,6.02170743606773,1.72586648332433e-09,1.52093002413827e-08,"HIST1H3C"
61.6778967483999,1.60240027659023,0.269658425080882,5.94233343945993,2.80993111720685e-09,2.39376377465385e-08,"TMEM40"
11.8849392063648,1.19313268560999,0.201505091028868,5.92110442231489,3.1978671875797e-09,2.69594358880646e-08,"CYP3A5"
4.96517185063571,1.54884532376809,0.261748498127901,5.91730357517186,3.27262329825841e-09,2.75523292115441e-08,"CYP8B1"
619.518150499248,1.04042658256942,0.176209389574294,5.90449002225703,3.53739278878836e-09,2.96610226427379e-08,"C9orf152"
2.00157645668518,1.17763089100833,0.201330214511884,5.84925066445417,4.93792471424317e-09,4.03353894054043e-08,"HIST1H2AL"
6.75253786678557,1.13990803934907,0.195615029905369,5.82730294241969,5.63303031255224e-09,4.55943238437934e-08,"KLRF1"
98.8360054983232,1.2189544630225,0.209362129317226,5.82222996583849,5.80675736649534e-09,4.69191022708379e-08,"TDO2"
5.78668582402893,1.89380478384838,0.325367577211312,5.82050860777205,5.86688213696378e-09,4.73639079093551e-08,"OTOR"
7.05026400778729,1.13397743256099,0.195793382530065,5.79170459137894,6.96756152861157e-09,5.57195955147964e-08,"GUCY2D"
532.56188865696,1.10247721668407,0.190787551314981,5.77855949764738,7.5342900738262e-09,5.98414996714749e-08,"CBX2"
144.866812207522,1.34445015036798,0.232754144563892,5.77626728360543,7.63760139970392e-09,6.05332611997765e-08,"HS6ST2"
0.628125960595942,1.94069264351215,0.336397887724002,5.76903932614583,7.97247000881165e-09,6.30267482907537e-08,"LYPD4"
1.04376851723858,1.50237576655252,0.260706605646633,5.76270694340929,8.27754525063952e-09,6.52175525973772e-08,"C4orf50"
135.275962915821,1.04908366660079,0.182296982731246,5.7548054327779,8.67416408159683e-09,6.79124465532738e-08,"RIMKLA"
6.21619999970702,1.58767251251479,0.276719135119136,5.73748726061623,9.60915050715784e-09,7.46378669230549e-08,"IL1RAPL2"
181.191913453162,3.60286745077885,0.628377371952051,5.73360469615027,9.83183291211903e-09,7.60825710218498e-08,"S100A7A"
45.8352101842556,2.20098423571575,0.384757737393787,5.72044177883059,1.06247431613812e-08,8.16766190721498e-08,"SOX2"
101.124373470684,1.16311609304348,0.203793770309833,5.70731917504232,1.14769444251638e-08,8.76502322813757e-08,"ASCL2"
125.770338868053,1.41972738296222,0.249532311631472,5.68955328341996,1.27372141275318e-08,9.66423177603172e-08,"VSTM2L"
1965.97307359393,1.20256998383911,0.211417240656584,5.68813584031449,1.28433643733459e-08,9.728952760897e-08,"PADI2"
2578.06900905828,1.74069345439284,0.306064945155423,5.68733362623054,1.29038213726944e-08,9.76227594818566e-08,"MUC5B"
1663.93955988421,1.98910658572464,0.349799229555959,5.68642357574556,1.2972739983277e-08,9.80342226883349e-08,"S100A8"
3.0659838142329,1.12538233780437,0.19795636929639,5.68500191130193,1.30811196776471e-08,9.88098335828749e-08,"TEX11"
16.6723442592901,1.71943638134493,0.303589928041603,5.66368058531014,1.48160088892796e-08,1.10749221433081e-07,"GPR115"
0.507319363482719,1.60690697815519,0.283728201437526,5.66354338417437,1.48278658709698e-08,1.10793481377763e-07,"ZNF705A"
69.7341506208403,1.10771031060018,0.195751884674116,5.65874659364979,1.52482504731263e-08,1.13706989644787e-07,"HIST1H2BG"
69.0551854057589,1.47251001107079,0.260420090071921,5.65436411094138,1.56424296047678e-08,1.16553272883429e-07,"GSDMC"
13.0927261667779,3.02696491095187,0.537829656982349,5.62811081846164,1.82194028652403e-08,1.34147989932824e-07,"SULT1E1"
26.786080130072,1.53450934558339,0.27266987091723,5.6277187516959,1.82608508446932e-08,1.34347174227906e-07,"MNX1"
44.8200491225758,1.58001061856575,0.281037672458409,5.6220598638767,1.88693849006314e-08,1.38496684691422e-07,"B3GAT1"
36.1807483351449,1.18361330414298,0.211124298880174,5.6062391227395,2.06770246760026e-08,1.50580048996328e-07,"JAKMIP1"
154.587577092384,1.39156237254706,0.249732143488839,5.57221971151362,2.5151394117541e-08,1.80836198460671e-07,"GLYATL1"
803.434852748642,1.04222692518621,0.187037882403663,5.5722771868048,2.51430954251702e-08,1.80836198460671e-07,"HOXB2"
28.7481108599763,1.37263982479711,0.246528987710946,5.56786379379664,2.57881274731347e-08,1.84915635530564e-07,"UMODL1"
10.3977680346486,1.09889532532516,0.199028274477434,5.5213025797988,3.36495741967985e-08,2.37186292440802e-07,"GPR97"
2.81793812684375,2.29386898458599,0.415697456750235,5.51812128589525,3.42642930423183e-08,2.41064089572134e-07,"C4orf6"
15.0623795697922,1.09658771213137,0.199349984727007,5.50081663478961,3.78036201708776e-08,2.64271374715143e-07,"CCR8"
788.267728422255,1.14391935395867,0.208009003349762,5.49937423638918,3.81141436152235e-08,2.66159851343709e-07,"CLDN1"
1.84323996402789,1.05362437107504,0.192038438132119,5.48652853732422,4.09909228704567e-08,2.84527919441084e-07,"HIST1H3J"
130.92806431544,1.29814286962157,0.237494538572931,5.46599040728229,4.60329232593259e-08,3.15884011998279e-07,"LRRC26"
0.75872923125645,1.92084918286537,0.351670891387709,5.46206475971216,4.70628321480972e-08,3.22004311599792e-07,"ART1"
2.4291310970012,2.35816327966327,0.431761118503653,5.4617314496403,4.71512989258842e-08,3.22491386753986e-07,"EPGN"
126.726856370726,1.29586983749388,0.237295516526529,5.46099587747167,4.73471044571926e-08,3.23593447342915e-07,"GABRE"
1.45563550261628,1.39247743817434,0.255029428625507,5.46006570958954,4.75958392050288e-08,3.25055374592705e-07,"CEACAM3"
5.37991223093251,1.18656868934856,0.218305396544214,5.43536123307992,5.46855302699493e-08,3.69419262572784e-07,"KCNJ13"
14.60688348711,1.79596619963835,0.331190604503382,5.42275709279674,5.86867183501725e-08,3.94166102197182e-07,"NEU4"
49.7437580422096,1.0999771976824,0.202901625628357,5.42123403041217,5.91890107042361e-08,3.97253824090099e-07,"GPC2"
1.08234137161341,1.34952693779668,0.248980204980131,5.42021779564511,5.95264701647174e-08,3.99088206043265e-07,"NCRNA00189"
2.84843982839736,1.47002049856161,0.271579221232124,5.41286071847579,6.20257361548298e-08,4.14207644125187e-07,"LRRIQ4"
69.430932548607,1.69177344716607,0.314266229656269,5.38324925658243,7.31531267865802e-08,4.84013864399688e-07,"CRYM"
80.9044930745215,1.74202844185709,0.324525967634739,5.36791694838357,7.96512138779561e-08,5.23298101736026e-07,"KNDC1"
2.27971754598732,1.51966652169839,0.283381136389845,5.36262413602506,8.20215633103574e-08,5.37735328130601e-07,"MANCR"
37.8405652630914,1.08809489736064,0.203035273893404,5.35914216527665,8.36180375241087e-08,5.47240768018053e-07,"AKR1E2"
1.24127516154723,1.79895260620565,0.335819686345887,5.35690038240573,8.46617671697163e-08,5.52908286991867e-07,"FRMPD4"
3.89381383163339,1.24162524342015,0.233331114808516,5.32130163797096,1.03027409561476e-07,6.62605558886649e-07,"MRPL23-AS1"
39.3551172170932,1.17700550694153,0.22132405032797,5.31801900967101,1.0490311138281e-07,6.73089231337278e-07,"MRAP2"
9.17002569155591,2.01315191378297,0.37951465965785,5.30454321737642,1.12955481376848e-07,7.18580115848282e-07,"VNN3"
0.946605661021986,1.34827138636575,0.254237800621819,5.3031900963119,1.13796311479297e-07,7.22894420681329e-07,"C1orf180"
368.51045166773,1.48530329744992,0.281318062414682,5.27980068076993,1.29324491325277e-07,8.13563070639126e-07,"CYP4Z2P"
46.4975320084383,1.63665539808839,0.310381489476523,5.27304447455518,1.34179030435768e-07,8.40984420108668e-07,"CUX2"
176.579571426401,1.21287505716237,0.230444441677434,5.26319944336127,1.41569857452565e-07,8.83746284064257e-07,"SAMD11"
21.3879139654634,1.11897621653573,0.212609557970779,5.26305697267627,1.41679650391667e-07,8.84135966085079e-07,"ULBP3"
5.12961557582828,1.70857012831431,0.32503092424154,5.25663867923108,1.46712154339911e-07,9.12226445750039e-07,"KCNT1"
0.4076309120199,2.67462101255748,0.510521541702061,5.23899736657612,1.61451342154157e-07,9.96524239850309e-07,"LINC01101"
123.233669621981,1.20938090669928,0.231167116489628,5.23163036795305,1.68021472422362e-07,1.03502336064798e-06,"IL8"
373.269506500267,1.0109161156786,0.193300526860876,5.22976389198455,1.69726666517476e-07,1.0441490542349e-06,"GPR126"
712.571013631714,1.14080423910418,0.218427186776301,5.22281248932863,1.76225817304145e-07,1.08128036817287e-06,"PDZK1IP1"
149.83622864713,1.5053929624496,0.289771128935882,5.19511025124487,2.0459855059185e-07,1.24068614255909e-06,"ATP6V0A4"
1.86547704555324,3.45716883898448,0.665845942863231,5.19214523425369,2.07884734277478e-07,1.25979498873023e-06,"ISX"
51.682821256387,1.40144269633607,0.271125207551419,5.16898708531292,2.35366160243143e-07,1.41076088019855e-06,"LGALS12"
5.15177730404069,1.13310565549161,0.219429489517497,5.16387135559213,2.4189397230698e-07,1.44663601189035e-06,"SYNGR4"
6.35974981487107,1.82095770143813,0.353138966312392,5.15649043336464,2.51621332356905e-07,1.49761229861021e-06,"ANKRD34B"
4.71557993617423,1.02210997088345,0.198407670229212,5.15156480443851,2.58321929625874e-07,1.53406898392203e-06,"ACOT6"
0.345006721188225,2.45749262755784,0.48056229635109,5.11378575934396,3.15765475640525e-07,1.84699548819505e-06,"ZPBP2"
28.9667166973924,1.24076553167554,0.243004759447418,5.10593098874681,3.29169815465739e-07,1.91938600614434e-06,"PCSK9"
37.8912216900718,1.44194026233903,0.282907209866103,5.09686643554078,3.45321785428474e-07,2.00604765795906e-06,"CAMP"
37.3786977059858,1.28480130988227,0.252780295558862,5.08267983088538,3.72146696180727e-07,2.15316741606115e-06,"TNFRSF17"
7.9094906419582,1.29146125188233,0.255524847802566,5.05415133983444,4.3230871674814e-07,2.47668575755188e-06,"SYT3"
62.4687474597228,1.02425761725178,0.203454336011821,5.03433663459634,4.79506395266649e-07,2.7203607500462e-06,"LAX1"
1248.84516157701,1.29522687970523,0.258039580979937,5.01948916048636,5.18090686720643e-07,2.91709281075137e-06,"S100P"
148.101769831031,1.05311707227947,0.210000310217717,5.01483579327886,5.30787771759349e-07,2.98228590002656e-06,"IRF4"
38.0629335965713,1.4021963692577,0.279767903848588,5.01199869594969,5.38675692171376e-07,3.02024085142047e-06,"AMBP"
1.49728557338571,1.01603878778864,0.202807239099035,5.0098743629782,5.44655803262289e-07,3.05010518088528e-06,"DCST1"
301.688795831415,1.08333712969188,0.216674089035318,4.99984624149173,5.73760511093962e-07,3.20156649912371e-06,"CKMT1A"
9.72051072291296,2.6959068218774,0.539480368437521,4.99722877717582,5.81600547413319e-07,3.23853646105895e-06,"UGT2B10"
17.7449050349006,1.22093740971905,0.24459426360539,4.99168456251624,5.98549501724314e-07,3.32201202785737e-06,"RAB3B"
35.3900267470365,1.21001581926492,0.2432302767412,4.97477466817337,6.53235808772729e-07,3.59559020074992e-06,"IRX6"
132.887865195561,1.40771870236267,0.283448036067981,4.96640838261109,6.82042517261259e-07,3.73871470915753e-06,"SLC9A2"
25212.2575614922,1.22477444025535,0.248156737107239,4.93548736388355,7.99508572082193e-07,4.31295592425264e-06,"BMS1P20"
15.1288620422753,1.52467630012823,0.309037438456113,4.93362974966787,8.07153798627628e-07,4.34666060340008e-06,"DNAH3"
1.53310552173291,2.18106465780238,0.443721809484014,4.91538754955194,8.86069992018865e-07,4.73882418367683e-06,"MC5R"
2.35463039914119,1.79974407065521,0.366483552158519,4.91084541190199,9.06845609622241e-07,4.84299665339031e-06,"LMAN1L"
1489.98877945732,1.12989472634059,0.230927018942736,4.89286499047898,9.93785820055889e-07,5.25467771426152e-06,"AQP3"
3.37739038081291,2.25906919957792,0.462688348561488,4.8824856009481,1.0475689105531e-06,5.52185080922724e-06,"MUC21"
46.7233673112186,1.05759817250214,0.21676505071647,4.87900687406242,1.06621348491119e-06,5.61220380594116e-06,"C6orf105"
99.9898696451671,1.91194576993762,0.392335607776442,4.87324049115387,1.09782446976694e-06,5.76720904255559e-06,"AKR1B10"
37.3202296989266,1.52683698860114,0.31435224617921,4.85708948213049,1.19123769563038e-06,6.19533639096048e-06,"GPR110"
1.87528400583908,2.23204713723963,0.460656521829491,4.84536098257133,1.26381679338587e-06,6.52535005492315e-06,"CPB2"
1396.4351028402,1.46622623997526,0.304966414220872,4.80782857260257,1.52578514136714e-06,7.75565894978696e-06,"TFAP2B"
30.1435487454242,2.46800746620226,0.513727476921942,4.80411809193001,1.55435074934143e-06,7.88782987214145e-06,"DDC"
1703.36847231111,1.64239102107907,0.342921230840563,4.78941189220995,1.67270822332925e-06,8.43231641990814e-06,"CALML5"
0.705986645110931,1.37927816761272,0.287986327861322,4.78938766939278,1.67291013677578e-06,8.43231641990814e-06,"RIPPLY1"
253.635386899423,1.03255645277274,0.21582104495879,4.78431773402776,1.71569102004934e-06,8.63629258069605e-06,"C2orf72"
1.53879744924161,3.36764978917467,0.70433089422648,4.78134612123345,1.74125262614761e-06,8.75787665509164e-06,"OR56A3"
136.942709673244,1.03513794542597,0.217830474480591,4.75203457135288,2.01379929130447e-06,1.0036732649452e-05,"NRK"
598.735171574624,1.19569722740845,0.252790306739211,4.72999634690099,2.24523877183831e-06,1.1124869040712e-05,"C3orf57"
0.610319771478507,1.28572971906084,0.272888749192022,4.71155268536234,2.4583652164756e-06,1.20878258075651e-05,"HIST1H4B"
3.35817867572462,2.61057524459042,0.554290604940195,4.70975914317019,2.48009698151643e-06,1.21850513714146e-05,"SOHLH1"
161.632750826722,2.27348742912531,0.483810456068171,4.69912834791021,2.6127422267259e-06,1.28097803156919e-05,"NXPH1"
2.91602302281962,1.04837556020812,0.223248625415759,4.69600006833511,2.65305451118256e-06,1.29971817457277e-05,"KCNMB2"
290.318329376747,1.2112015428604,0.258146304184928,4.691918974725,2.70654323174498e-06,1.32453144783744e-05,"CDSN"
246.946224578923,1.0319603324065,0.220013027742355,4.69045102917712,2.72603469459193e-06,1.3333710056226e-05,"SEMA3E"
10.4620788446149,1.08334588544132,0.231967238479597,4.67025383645549,3.00827777262227e-06,1.45767145965718e-05,"SRD5A2"
5.18739916094777,1.16751525271695,0.250381686621083,4.66294188074474,3.11720810005857e-06,1.50381724444542e-05,"BEST3"
0.63410458512502,2.50794857034349,0.541127546365602,4.6346717833674,3.57504251385965e-06,1.71010170479729e-05,"C10orf129"
155.158096802142,2.72647320090019,0.58927102242076,4.62685775672402,3.71255303688207e-06,1.76712502483031e-05,"CASP14"
5.69652436205221,1.02836407157853,0.222261412443366,4.62682235424274,3.71318743497695e-06,1.76712502483031e-05,"OR2B6"
59.4831411460054,1.11427338569948,0.241546937320116,4.61307188599441,3.9676100320355e-06,1.87529605591144e-05,"SLC6A17"
228.512849717638,1.13522708586367,0.246557913608407,4.60430196398678,4.13851615089696e-06,1.94916487399677e-05,"PPP1R1A"
39693.2483074305,1.05429537564877,0.229121688852897,4.60146475406637,4.19530156589179e-06,1.97391741183187e-05,"ADAM6"
2340.6278494244,1.05626169109247,0.230259358852762,4.58726931385181,4.49081213760422e-06,2.09867322354489e-05,"CXCL9"
64.1919992404421,2.53324909584517,0.552823743124162,4.58238114291016,4.59711010280797e-06,2.14191363127586e-05,"PAX7"
1.72345466656175,1.55254974908801,0.339304252133793,4.57568609684212,4.74661810406113e-06,2.2077155971169e-05,"BTNL8"
499.612458441144,1.05525711900442,0.230936517524207,4.56946839901061,4.8896288315185e-06,2.26914276828177e-05,"C1orf106"
31.3439625221816,1.20976939374506,0.264758321636962,4.569334728613,4.89274818469792e-06,2.27002597234369e-05,"MOGAT2"
2005.16418102757,1.31803885011035,0.289051085250773,4.55988203250252,5.11823647340307e-06,2.36582178742121e-05,"SLPI"
8.13229618453113,2.73823882551693,0.601322077860942,4.55369747150737,5.27111448688108e-06,2.43166959707453e-05,"CRISP2"
368.687887292115,1.69294124572902,0.372926201884515,4.53961464003884,5.63571327732888e-06,2.58517051662186e-05,"AQP5"
198.106841531472,1.19997598038828,0.26514880012612,4.52567003817293,6.02044518095366e-06,2.74411744328449e-05,"HGD"
68.7101696376856,1.05518575433651,0.233337893450899,4.52213628370031,6.12186213982435e-06,2.78490267706121e-05,"CD38"
3.9209167844992,1.05197655597861,0.232931203261882,4.51625433281209,6.29430614535393e-06,2.85084261594349e-05,"C9orf84"
47.4648418862702,1.07910334098508,0.238998428702841,4.51510642493296,6.32849763177181e-06,2.86465933757142e-05,"XIRP1"
0.465183705021188,1.55502134227354,0.344965694993957,4.50775646633727,6.55167137872029e-06,2.95950983261893e-05,"FBXW12"
1.05199379519307,1.02734093026122,0.228388260975271,4.49822125653145,6.85243634924305e-06,3.08268798405933e-05,"C22orf31"
9.33152864655984,1.17534378986822,0.262978298907777,4.4693565771387,7.84552452822152e-06,3.49490967349057e-05,"CHD5"
0.531230485850458,1.7205865628272,0.385317301711676,4.46537582191073,7.99283212548431e-06,3.5562863318752e-05,"FAM181A"
180.612865582657,1.14938269990491,0.259817428407299,4.42380908375052,9.69757253414222e-06,4.25294152607529e-05,"CCL18"
93.5656284701258,1.30277219042771,0.294512492408495,4.42348703029118,9.71204648433001e-06,4.2573724009087e-05,"DEFB1"
522.71542284921,1.0102329589445,0.22837953927421,4.42348277851432,9.7122377085825e-06,4.2573724009087e-05,"MGC29506"
4.11155634996137,1.61028332833894,0.365117453778854,4.41031594538415,1.03219906985203e-05,4.49824787270328e-05,"TRIM54"
2.74956084108863,1.33997250813168,0.30383600589976,4.41018339536019,1.03283110383415e-05,4.49995157634558e-05,"SNX31"
330.998433240112,1.73749569703123,0.394194915122097,4.40770702608648,1.0447072679165e-05,4.54426967039419e-05,"BPIL1"
2.04199026728606,2.10054989347065,0.478082034548324,4.39370179524772,1.11436651421616e-05,4.82143045615312e-05,"ERN2"
3.57908424817847,2.60995071211113,0.607140648623441,4.29875798635559,1.71757894637604e-05,7.17998007482839e-05,"KRT24"
2.38013276677489,1.20662543413468,0.28072666664919,4.29822164220168,1.72173949827837e-05,7.19414992956475e-05,"GBX2"
11.4120348690833,1.22737386278683,0.286177650367795,4.28885295972418,1.7959821696222e-05,7.46925294028485e-05,"IGF2BP1"
347.898598536916,1.30918460774331,0.307328027435537,4.25989330900813,2.04524507145939e-05,8.3992297599097e-05,"NCCRP1"
6.52953118422574,1.92435276991573,0.452080415161205,4.25666033161276,2.07503243738774e-05,8.51406472715809e-05,"C17orf93"
0.316280784836439,1.93748470704377,0.455289099291741,4.25550427202797,2.08578381717113e-05,8.55253843310616e-05,"C6orf58"
39.0596450692899,1.52556226928067,0.358948674839137,4.25008469515689,2.13689699296559e-05,8.72065994566961e-05,"UPK1A"
91.4239310557348,1.11327803678648,0.263007729874438,4.23287192858538,2.30725907376329e-05,9.35890805738304e-05,"FCRL5"
1.20574719981938,1.5127281722218,0.358069531492713,4.22467716232533,2.39283550951444e-05,9.65670806164045e-05,"OTP"
817.939047115724,1.10975327729407,0.26299255151433,4.21971371776133,2.44612740080598e-05,9.8526042158057e-05,"CNTNAP2"
10.3625826851193,1.08264038959913,0.256650816341119,4.21833994153431,2.46107581255821e-05,9.90853754128537e-05,"GAS2L2"
4.9011248495135,2.49277786493768,0.591895213829733,4.21151887478307,2.53659354769573e-05,0.000101862131169838,"CHRNA4"
307.995616832669,1.12554477231874,0.267631511221945,4.20557641803745,2.60417575188815e-05,0.000104239632015853,"THRSP"
337.422712020449,1.16668878423818,0.277821971977804,4.19941150058277,2.67609597586808e-05,0.000106797800704678,"SLC5A1"
2.98369360326411,1.19451540977854,0.284765002643033,4.19474092213474,2.7318365198477e-05,0.000108758478845364,"KIR3DL2"
30.9920935797763,1.1903565000896,0.284174745051712,4.18881874908688,2.80410244234947e-05,0.000111365231445344,"ADH1C"
1.35036144241991,1.62120655142347,0.392599387197724,4.12941691782873,3.63684392193803e-05,0.000140716608215119,"TGM4"
1277.65324019196,2.28893828691366,0.554654437467198,4.12678260966591,3.67873846208192e-05,0.000142190212041332,"S100A7"
7.56657650078326,1.63250608894288,0.39650442058264,4.11724561997067,3.83427371643631e-05,0.000147529826669313,"FGL1"
32.4699975923533,3.0090838313443,0.731620564592562,4.11290220227756,3.90715934752745e-05,0.000150210358849845,"LIN28A"
1.97700248783282,1.72544396032031,0.419680716012165,4.11132533492507,3.93394418946813e-05,0.000151084502667536,"AACSL"
2.556795008237,3.4039569953722,0.832852645866264,4.08710593916849,4.36787699355432e-05,0.000166007786773959,"UGT1A9"
10.2168748647605,1.02468126470524,0.251141330047921,4.08009810456017,4.5016697762095e-05,0.000170779809701119,"GCM1"
0.530423374138754,1.97120668037836,0.483392348757604,4.07786073868294,4.54519758599597e-05,0.000172326047009171,"C1orf49"
2.224379456473,1.41393743979943,0.349346019829136,4.04738385309493,5.1793267513929e-05,0.000193887151654128,"CLEC6A"
335.082021940392,1.00879297903411,0.249512619816433,4.04305393360978,5.27594784847998e-05,0.00019710882023995,"AKR1C1"
31.1086397337318,1.3267999958106,0.328224418687763,4.0423561449667,5.2916777488075e-05,0.000197656924517695,"SLC6A11"
1.11736434240343,1.01860053249144,0.253018081290898,4.02580134706004,5.67816111017844e-05,0.000211205414749862,"HIST1H3F"
1.59717545346526,1.19122928687532,0.296447591860502,4.0183469847037,5.86078492236821e-05,0.000217132891179045,"KIR3DL1"
6.46251303611509,1.09119931047532,0.272266396151864,4.00783690495053,6.1277412096016e-05,0.000226158832352358,"HEPHL1"
888.448049994367,2.05853312685424,0.514972126253711,3.99736805529561,6.40506716409956e-05,0.000235382119743883,"UGT2B11"
0.348538914845693,2.92403545063995,0.733973848831485,3.98384146151137,6.78101198532005e-05,0.00024705756140152,"SPATA3"
1.11273471983824,1.19664928676183,0.301807149487183,3.96494678404777,7.34123230637312e-05,0.000265344889617456,"GPR25"
0.296452311620969,2.4295487849134,0.614569383184015,3.95325385772747,7.7095567183933e-05,0.000277475657826477,"OR52E6"
0.882910412045062,1.34538728021164,0.340754074172989,3.94826469346523,7.87197390482785e-05,0.000283048339305744,"KRT12"
1282.06643091582,1.6494965808039,0.4211577890871,3.91657621809476,8.98154289248877e-05,0.000318163784566906,"MUC6"
118.930207956634,1.07554323141778,0.275196309038454,3.90827636887925,9.29569358224592e-05,0.000327985105316862,"PLA2G2D"
59.5717223805608,1.03092762628072,0.264168334449197,3.90254050861263,9.51883011870143e-05,0.000335161222723189,"CECR2"
0.761789403770757,1.75297985041033,0.449751043900698,3.89766710757737,9.71238002172706e-05,0.000341332278489052,"PGK2"
0.450448527652699,2.37752593131502,0.610890877197084,3.89189955205042,9.94624255937794e-05,0.000348763136146514,"AQP12B"
2.39640660381695,1.81991001593635,0.467826630424131,3.8901377082498,0.000100187351113923,0.000350909534348164,"LINC00552"
3.97022097687138,1.31457589376176,0.338285645460695,3.8859937198089,0.00010191214101179,0.000356215376776227,"TCERG1L"
1.4218819284633,1.40463191557401,0.36210331250842,3.87909159362178,0.000104847273606938,0.000365721241239675,"GRIN2B"
2.29917513674935,1.4866994428902,0.383407032496184,3.87760087031005,0.000105491594706895,0.000367762535525625,"FAM83A-AS1"
80.7874467653884,2.18985792032148,0.567292652652866,3.86019087340708,0.000113298489358347,0.000391614130346953,"FGB"
2.8626274317836,1.57972711061896,0.409321447937603,3.85938024645064,0.000113674944912835,0.000392769871676798,"CNGB1"
4.20108502567597,1.30406671742137,0.341028763507929,3.82392002365822,0.000131346535767545,0.000446879892471969,"UTS2"
3.53013602475647,2.30489885901244,0.604895293803403,3.81040964051798,0.000138736714854324,0.000469882196108864,"PRKAG3"
2.93633840077846,1.43439296119159,0.377671431573361,3.79799169668719,0.000145873208934656,0.000491732606965027,"KRT2"
33.4225230553827,1.04246689110138,0.275213353166112,3.78784996842859,0.000151956558720859,0.000510487611325564,"LPAR3"
25.0108965345719,1.99610480959421,0.527329202332741,3.785310581633,0.000153516729132192,0.000515265194974351,"NKX2-2"
0.645506535986256,1.39025587490844,0.367678607177733,3.78117151166317,0.000156092086063387,0.00052249978234812,"CYP2C9"
1.89925004632238,1.0555472989482,0.279953447554308,3.7704386503168,0.000162960860785269,0.000542476273685937,"LINC01226"
7.55999119561385,2.12435412014414,0.568369211564193,3.73763053473246,0.000185762651448974,0.000611401849637649,"GSTA3"
1.46347226863621,2.5172389604452,0.673859843381996,3.73555270456772,0.00018730334388825,0.000615604316547664,"C12orf36"
11.9023719798603,1.46096728470093,0.394545968116481,3.70290765275192,0.0002131424835795,0.000691518243700916,"TH"
1.17430047361449,1.0180348147223,0.275554197443316,3.69449939129206,0.000220320421452036,0.000710975218949214,"TMC1"
2.68348373787182,2.24873474405164,0.609097688392641,3.69191147315936,0.00022257494353508,0.000717878230703694,"EZHIP"
1.74116445969117,2.24539115439767,0.608902251164343,3.68760527671565,0.0002263744464972,0.000728747679177343,"RAD21L1"
1.22043643086951,1.43255109183976,0.391956365713585,3.65487390217963,0.000257308414386626,0.000817752691048249,"SYT16"
5.4403813737047,1.05616302984607,0.289380281741392,3.64974083061375,0.000262505027814348,0.000833416625983126,"CES4"
4.63442740485888,1.04830477955452,0.287377204555053,3.64783553788692,0.000264458823217064,0.000838763625377485,"TTLL6"
21.8288236208631,3.3830630828933,0.939703319536713,3.60013954676801,0.000318046445331765,0.000992864509469376,"PNLIPRP3"
3.75394453511926,1.23529996996317,0.347244270653077,3.55743801802658,0.000374489425587812,0.00114945652501176,"C8orf75"
9.21517908926821,1.57610879085881,0.447205230733585,3.52435231643735,0.00042451938518365,0.00128777089622182,"UGT2B7"
12.5343085182551,1.58087959593007,0.448587107728807,3.52413069544965,0.000424874625146857,0.00128863907675757,"SLURP1"
1.70231992475713,1.51547646992059,0.431586295514499,3.51141008338545,0.000445736222765565,0.00134535358957297,"LINC00602"
1.02422844017387,2.52008552352791,0.719907112169985,3.50057039432729,0.000464263604691076,0.00139516498532246,"TCHHL1"
5.16025268284354,2.17361870141435,0.620987796968445,3.50025992785297,0.000464804695297248,0.00139613447662104,"LHX1"
1.31789638362908,1.04784772610706,0.299468560908202,3.49902414774105,0.000466964288530241,0.00140126823881302,"CLNK"
0.41472816570036,1.07085474426289,0.306576304935521,3.49294686844148,0.000477721549561507,0.0014298705456327,"HIST1H2AB"
4.24791901927503,1.28090146603452,0.369175074311252,3.46963149780417,0.000521172876998832,0.00154505904529593,"PADI1"
0.290071409354206,1.43636450930415,0.414617516042125,3.46431217623284,0.000531589218072089,0.0015724425919676,"SLC34A1"
0.463958832480611,1.9012163624024,0.552772722314548,3.43941783965334,0.000582966704666819,0.00170817481045623,"MAGEA5"
0.334983935013611,1.9739944988116,0.57569088965879,3.4289139089583,0.000606001719865679,0.00176983603525159,"TMPRSS11F"
1255.13773010399,1.09386730317761,0.323878741122217,3.37739766243203,0.000731751764538912,0.00209834793134411,"PIGR"
0.533281123878637,1.04051092077132,0.308432518164882,3.37354480961403,0.000742069674207868,0.00212532307336042,"CALR3"
1.7249418881459,1.37196328505413,0.410204391130066,3.34458458934222,0.000824058960786785,0.00233541762877093,"FMO9P"
7.39926192557982,1.3210591595396,0.401082329149887,3.29373563362827,0.000988654364292943,0.00275216013564918,"OLIG1"
0.980939910732061,1.16115477098429,0.352575485430524,3.29335083965472,0.000990008553954528,0.00275469732551599,"LRRC52"
0.993991509505575,1.17912708839138,0.360702664393288,3.2689724939368,0.00107938793920855,0.00297632972157299,"KIR2DL1"
2228.52810976214,1.01579016574505,0.312063343185529,3.25507685515354,0.00113361684230563,0.00310841168820839,"CP"
0.241002444210559,2.38579018204542,0.736174090094216,3.24079618414727,0.00119196374021368,0.00325168126440929,"TAS2R40"
8.11154413809686,1.2213174486806,0.379931475824924,3.21457295958126,0.00130638711155052,0.00352824706078578,"HTR3A"
0.407402466815203,1.12184014931718,0.351248963168039,3.19386038665823,0.00140383991837527,0.00376258932746617,"CPLX4"
1.63292213329928,1.14719341774583,0.360092070518742,3.18583360109321,0.00144337588399519,0.00386023941463966,"AQP2"
4.20912082798649,1.17875439029278,0.373515340125701,3.15583930206479,0.00160037006181208,0.00424543877255862,"AADAC"
0.349363865914753,2.37855671811296,0.760531619720666,3.12749221260068,0.00176304490392011,0.00462895387982399,"SSX6"
0.454027785715577,1.9753797617494,0.632937138093393,3.12097306803621,0.00180254518587951,0.00471607876288774,"ONECUT1"
29.3926559827347,1.30454618595412,0.420505607437442,3.10232768096486,0.00192005295313008,0.00498647396273451,"KRT75"
1.84723776040226,1.3893432048872,0.449676169887312,3.0896527277293,0.00200390648267327,0.0051663952413335,"ATP2B3"
121.400703194536,1.440420019129,0.466480516170582,3.0878460497207,0.00201612886025092,0.00519120501815195,"ORM2"
0.559695886333897,1.27388450493854,0.416316740317828,3.05989258074517,0.00221416390232626,0.00563734405086886,"ANKRD26P1"
24.6532348761696,1.35924175611539,0.44434875464586,3.05895255000476,0.00222112326789101,0.00565352049572967,"CSAG3"
242.022890735739,1.31354536917092,0.431242405557785,3.04595594552425,0.00231941816610328,0.00587248237524657,"ORM1"
1.87232771589417,1.00742847654453,0.331320745510155,3.0406441196229,0.00236072680829104,0.00596978266857503,"KIR2DS4"
0.400495786986263,1.25868183059984,0.422128651662403,2.98174934499938,0.00286606548722015,0.00711087495931995,"SLC10A1"
122.037659015588,1.07578102903404,0.363448583988765,2.95992631812617,0.00307712627605642,0.00757711898978802,"LRRC31"
7441.11391517717,1.07838300766592,0.365700032711878,2.94881846104602,0.00318991295662099,0.00782490804775014,"PIP"
1193.51857720335,1.11491280072009,0.379697239683456,2.9363205317204,0.00332130941154912,0.00810673991978087,"HMGCS2"
0.634816722325592,2.65634480973209,0.905239740536367,2.93441029020464,0.00334182140411925,0.00814934629055211,"OR4N4"
0.697243442371142,1.06150985907026,0.362354768275994,2.92947672282801,0.00339533242335588,0.00826579883682504,"LINC02593"
0.186266519143141,1.87101839592753,0.642418781734807,2.9124590518275,0.00358595213138394,0.00867779029330756,"LYZL4"
0.901097567384318,1.19868232261802,0.416231564780299,2.87984483649318,0.00397870929471053,0.00950378922264806,"APOA5"
28.7755641305606,1.06516664013602,0.371294677588084,2.86879049022545,0.00412044634219095,0.00980720874483474,"PLA2G3"
117.769698627304,1.23377545924041,0.430551832219396,2.86556778281626,0.00416262147456798,0.00989272919351947,"HOXB13"
5.20596393061419,1.39144541055188,0.489664523930085,2.84163001923037,0.00448835459408954,0.0105937200934094,"MDGA2"
0.406390556768143,1.11130108721286,0.394196651201972,2.81915405375545,0.00481504027560971,0.0112814058119538,"ARL5C"
2.45355419680216,1.21244405658823,0.431001904326541,2.81308282960543,0.00490690097462747,0.0114684831819962,"LHX8"
5.58439796703591,1.40394369720065,0.502309970212334,2.79497477744107,0.00519037645435063,0.0120405638230741,"CNGA2"
0.559131780249322,1.98959014952638,0.71851809786992,2.76901883950399,0.00562253839620292,0.0129210390501265,"OTOP3"
2.0445175980321,1.7725789040687,0.642369063631675,2.7594400235393,0.00579005142460824,0.013263538272007,"CA10"
1.14939684834888,1.05804045595752,0.384126994953743,2.75440276225557,0.00587993593782095,0.0134404776051729,"C20orf141"
0.359532843994482,2.17116044505284,0.795617979990485,2.72889816426572,0.00635463243945393,0.0143978167616421,"NOTO"
0.561794117021402,1.62054589515339,0.595740406625969,2.72022155477333,0.00652381894702106,0.0147489196519075,"B3GNT6"
1.69455479424695,1.01837486869751,0.375303036670125,2.71347356454411,0.00665818803735547,0.0150145076376996,"SLC9A4"
2.09753342418672,1.16148975833012,0.43317228069644,2.68135753391865,0.00733241284624978,0.0163633865279506,"ARL14"
0.223722352113334,1.99628465988456,0.749720725030362,2.66270438209336,0.00775154796385777,0.0171811712083369,"GADL1"
0.320251500456153,1.34722138174115,0.507209961583099,2.65614140845385,0.00790404628020105,0.0174838852595346,"OR4C6"
2.85116786927013,1.07909934584037,0.407635243714815,2.64721797852031,0.00811570215701046,0.0178821367914768,"HMX1"
20.785271109817,1.7526480184733,0.678358228381006,2.58366147139724,0.00977576949019184,0.0210649662357921,"CSAG1"
1.70123554775094,1.37989706509952,0.534383662924257,2.58222165241438,0.00981665142441644,0.0211457355841584,"CNGB3"
0.913500518377817,2.14015437589906,0.829987395211688,2.5785384070239,0.00992192693657841,0.0213503304439977,"C20orf70"
0.451150794894618,1.29197682886043,0.50427708354575,2.56203756033506,0.0104060063947562,0.0222713117025714,"BTNL3"
0.274380189812838,1.19504861615978,0.466957286842407,2.5592246867819,0.0104905913536914,0.0224189246183478,"LRRC52-AS1"
2.11185429339031,1.22285456744495,0.482446400816331,2.53469518142492,0.0112545210171075,0.0238339183197853,"CRYBA2"
0.403843095479998,1.92715965716569,0.761630643429634,2.53030740528986,0.0113962631430541,0.0241059895246039,"SLCO1B1"
5.38885519914091,1.04109901394744,0.423131352464383,2.46046294580612,0.0138757899648447,0.0286400110244196,"EDDM3B"
44.3420877408271,1.07080351360708,0.43628350617236,2.45437541978505,0.0141129556403605,0.0290588325457616,"SCGN"
70.2289202910797,2.05722960324256,0.846148315277105,2.43128724137309,0.0150452816290355,0.0307276705991845,"MAGEA4"
12.1595621669631,1.01657381553873,0.42289244265203,2.40385902657334,0.0162230280379538,0.0328633403872811,"ZFR2"
0.888066163939008,1.12722333949481,0.480437998303895,2.34624102064009,0.0189638400068904,0.03762915395805,"KRT3"
0.25890305999312,1.61366142857034,0.696156190841865,2.31795888594904,0.0204515556180472,0.0401523388672401,"LINC00923"
0.354635049234009,1.04993438902728,0.453005567618113,2.31770747222336,0.0204652246553951,0.040170724386681,"CAV3"
1.4336786457234,1.82323139044435,0.794573505251693,2.29460380744361,0.0217558398789486,0.0424141164968222,"PAGE5"
